Név;EAN
Green Pharmacy fürdősó rózsa és pézsma (1000 g);4823015945434
Green pharmacy fürdősó szantálfa 1000g;4823015945441
Green pharmacy fürdősó vanília 1000g;4823015945465
Holt-tengeri fürdősó műanyag dobozos;4260100810114
Kneipp fürdőkristály hát-derék 500g;4008233166339
Kneipp fürdőkristály relax 500g;4008233154305
Parajdi fürdősó levendula 1000 g;5999885350230
Amodent fogkrém eredeti 100 ml;8934839134518
Bilka fogkrém parodont protect 75 ml;3800032904126
Biomed fogkrém calcimax 75 ml;7640170370096
Biorepair fogkrém pro white;8017331054215
Blanx fogkrém black fehérítő;8017331053386
Bodymed izzadásgátló spray férfi;5997680751108
Coconutoil bio krémdezodor;5999886333652
Dr. Organic bio aloe vera golyós dezodor;5060176671478
Dr. Organic bio argán golyós dezodor;5060176674585
Himalaya arcradír aktív szén+zöldtea;6291107221793
Himalaya arcradír barackos;8901138510992
Himalaya arcradír kurkumával 75 ml;6291107225951
Jimjams pure clear aha bha hámlasztó;5998603330271
Jutavit eyeclinic szemcsepp irritált;5999887073144
Natur tanya timsó por 150 g;3760061220423
Ocutein szemcsepp sensitive plus 15 ml;8594059737472
Biofresh rózsás arckrém;3800200963375
Byphasse lifting q10 nappali arckrém;8436097096015
Byphasse skin booster krém c-vitamin;8436097095360
Creme 21 bőrápoló krém száraz bőr 150 ml;6294007500319
Dr. Organic bio aloe vera krémkoncentrátum;5060176672130
Dr. Organic bio argán nappali arcápoló krém;5060176674707
Dr. Organic bio E-vitaminos hidratáló krém;5060176672161
ESZTERKRÉM ANTI-AGE ARCKRÉM 50ML;5999568730281
Fáma liposzómás aktív gél 250 ml;5997243300200
Helia-D Botanic Concept nappali hidratáló krém érzékeny bőrre;5999569022507
Helia-D Botanic Concept nappali hidratáló krém normál bőrre;5999569020183
Helia-D Botanic nappali hidratáló krém ránctalanító hatással;5999569020244
Helia-D Hydramax krémgél érzékeny bőrre;5999569022699
Helia-D Hydramax krémgél normál bőrre;5999569022651
Himalaya bőrápoló krém tápláló 50 ml;8901138506377
Himalaya bőrápoló krém tápláló olivás;6291107220246
Ilzsu arckrém argánolajos;5999067500033
Keve cbd anti-pigment cream spf50 50 ml;5997372370761
Keve cbd fényvédő arckrém 50 ml;5997372370563
Keve cbd nappali arckrém 50 ml;5997372370259
Petra kollagénes krém 500 ml;5997901316079
Soliteint aloe hidratáló nappali krém;5997570704115
Soliteint luxury hyaluron nappali krém;5997570704511
Soliteint mélyfeszesítő liposzómás arckrém;5997570704528
Ziaja acai berry arc és nyakkrém 50 ml;5901887042273
Himalaya arcmaszk faszénnel zöld teával;4895175201248
Ziaja arcmaszk kecsketejes;5901887929062
Green Pharmacy testápoló, levendula és lenolaj;4823015945229
Herbária hidratáló testápoló;5997005333583
Ziaja testápoló balzsam C.B3 vitamin (200 ml);5901887056195
ZIAJA TESTÁPOLÓ CUPUACU BRONZOSÍTÓ 300ML;5901887040125
ZIAJA TESTÁPOLÓ PUMPÁS KASMÍR 400ML;5901887035930
Bio naturell krémszappan barack;4820168434228
Bio naturell krémszappan kókusztej;4820168434204
Bio naturell krémszappan lótusz&aloe;4820168434198
Bio naturell szappan utántöltő barack;4820168433665
Bio naturell szappan utántöltő méz&tej;4820168433658
Bradolife fertőtlenítő folyékony szappan utántöltő;5997001771815
Charlotte szappan adorable apple 750 ml;5998172500129
Frosch folyékony szappan utántöltő mandulás;4001499196973
Frosch vegán folyékony szappan pumpás gyerek;4001499967986
Coconutoil szőrtelenítő és borotválkozás utáni olaj;5999886333126
Yamuna növényi szappan cseresznyevirág;5999545550208
Joanna vegan hidratáló sampon aloe vera;5901018019310
Khadi Amla Volume Ayurvédikus Elixír sampon;4260672890101
Langelica sampon korpás hajra;8017331040935
Helia-D Classic éjszakai hidratáló krém;5999561857480
Helia-D Hydramax mélyhidratáló krémgél éjszakára;5999569022712
Keve cbd éjszakai arckrém 50 ml;5997372370266
Soliteint luxury hyaluron éjszakai krém;5997570704962
Soliteint q10 éjszakai krém;5997570704665
Vert pisztáciakrém 350g;8008940000519
Ziaja éjszakai arckrém C.B3 vitamin (50 ml);5901887056171
Ziaja jázmin ránctalanító éjszakai krém;5901887026839
Ziaja kecsketejes éjszakai krém 50 ml;5901887004592
Himalaya ajakbalzsam fényvédő spf50;4751015926859
Himalaya ajakbalzsam litchi;4751015929652
Subrina Recept professzionális Detox fejbőrradír;4260446015747
Subrina Recept professzionális lotion korpa ellen;4260446015723
Varga gyógynövényes hajbalzsam;5999546380804
Varga hajcseppek hajhullás ellen;5999546380101
Varga hajerősítő cseppek nőknek;5999546380156
Weleda intenzíven ápoló hajolaj 50 ml;4001638093620
Weleda revitalizáló hajtonik 100 ml;4001638095716
Ziaja kecsketejes hajbalzsam 200 ml;5901887035442
